	chr	start	end	coord	rsid	effect	noneffect	direction	locus_num	gwas	gwas_pval	coloc	idr_peak	ism_pval	delta_pval	explain_pval	confidence	motif	diff_motif	tomtom	fc_track	pval_track	tfactor	annotation	cluster
6	chr11	60251676	60251677	chr11:60151676-60351677	rs636317	C	T	-	11	Alzheimers_Kunkle_2019	5.91E-15	0	0	0.000131316726472	0.000234563036777	0.02746677500861	2	TGCTGCCATCTGCTGGGAA	TGCTGC(C/T)ATCTGCTGGGAA	---	http://mitra.stanford.edu/kundaje/projects/alzheimers_parkinsons/snp_fc_signal_tracks/rs636317.fc.png	http://mitra.stanford.edu/kundaje/projects/alzheimers_parkinsons/snp_pval_signal_tracks/rs636317.pval.png	---	MS4A4A, microglia specific	1,4,19,20,24,
1	chr11	86103987	86103988	chr11:86003987-86203988	rs1237999	A	G	+	16	Alzheimers_Jansen_2018	7.14E-16	0	0	0.001042549948654	0.001603338812685	0.006442798363975	2	TATGAGTCACC	TAT(G/A)AGTCACC	---	http://mitra.stanford.edu/kundaje/projects/alzheimers_parkinsons/snp_fc_signal_tracks/rs1237999.fc.png	http://mitra.stanford.edu/kundaje/projects/alzheimers_parkinsons/snp_pval_signal_tracks/rs1237999.pval.png	---	PICALM, oligo specific	1,3,7,13,18,19,20,21,22,23,
166	chr12	33530906	33530907	chr12:33430906-33630907	rs935534	G	A	-	23	23andme_PD_hg38	1.46E-07	0	1	0.003705018907295	0.004137985910816	0.001517031626435	2	TGTCTTAGTCAGA	TGTCTT(A/G)GTCAGA	---	http://mitra.stanford.edu/kundaje/projects/alzheimers_parkinsons/snp_fc_signal_tracks/rs935534.fc.png	http://mitra.stanford.edu/kundaje/projects/alzheimers_parkinsons/snp_pval_signal_tracks/rs935534.pval.png	---	SYT10 (synaptogamin 10), excitatory/inhibitory neurons	2,
243	chr15	64453059	64453060	chr15:64353059-64553060	rs143560707	G	C	+	43	Alzheimers_Lambert_2013	3.03E-06	1	1	0.001145440182068	0.001771829545351	0.005712005553203	2	ACACAGCTGTAGTCCCAGC	ACACA(G/C)CTGTAGTCCCAGC	---	http://mitra.stanford.edu/kundaje/projects/alzheimers_parkinsons/snp_fc_signal_tracks/rs143560707.fc.png	http://mitra.stanford.edu/kundaje/projects/alzheimers_parkinsons/snp_pval_signal_tracks/rs143560707.pval.png	---	ZNF609, maybe astrocytes	14,15,22,
267	chr16	31117293	31117294	chr16:31017293-31217294	rs4889619	T	C	+	48	Chang_23andMe_Parkinsons	0.0340138	0	1	0.022484727841152	0.024622112573324	0.044334550417408	2	CGGAGGCGG	(C/T)GGAGGCGG	---	http://mitra.stanford.edu/kundaje/projects/alzheimers_parkinsons/snp_fc_signal_tracks/rs4889619.fc.png	http://mitra.stanford.edu/kundaje/projects/alzheimers_parkinsons/snp_pval_signal_tracks/rs4889619.pval.png	---	KAT8, multiple cells, also in AD?? Im surprisd this isnt an eQTL given previous pubs	23,
2	chr17	45959712	45959713	chr17:45859712-46059713	rs113793114	G	A	+	54	23andme_PD_hg38	2.58E-22	1	0	0.023059121109996	0.026892917199627	0.012187992940298	2	CAAGGAGGCGGA	CAAGGAGGC(G/A)GA	---	http://mitra.stanford.edu/kundaje/projects/alzheimers_parkinsons/snp_fc_signal_tracks/rs113793114.fc.png	http://mitra.stanford.edu/kundaje/projects/alzheimers_parkinsons/snp_pval_signal_tracks/rs113793114.pval.png	---	MAPT Locus	1,
4	chr17	45852666	45852667	chr17:45752666-45952667	rs62054825	G	A	+	54	23andme_PD_hg38	1.25E-22	1	1	0.013624084866858	0.016813701193752	0.024202665400696	2	CTCCCGGAAGTGGAG	CTCCC(G/A)GAAGTGGAG	---	http://mitra.stanford.edu/kundaje/projects/alzheimers_parkinsons/snp_fc_signal_tracks/rs62054825.fc.png	http://mitra.stanford.edu/kundaje/projects/alzheimers_parkinsons/snp_pval_signal_tracks/rs62054825.pval.png	---	MAPT Locus	1,2,3,6,11,20,21,
5	chr17	45896863	45896864	chr17:45796863-45996864	rs62056782	T	C	-	54	23andme_PD_hg38	3.94E-22	1	1	0.006742720713811	0.00865608397404	0.026109747037878	2	CGCCCTCTTGTG	CGCCCTC(T/C)TGTG	---	http://mitra.stanford.edu/kundaje/projects/alzheimers_parkinsons/snp_fc_signal_tracks/rs62056782.fc.png	http://mitra.stanford.edu/kundaje/projects/alzheimers_parkinsons/snp_pval_signal_tracks/rs62056782.pval.png	---	MAPT Locus	1,2,3,4,9,11,20,
7	chr17	46038519	46038520	chr17:45938519-46138520	rs12150090	T	C	-	54	23andme_PD_hg38	2.51E-22	1	1	0.011932621193445	0.014453090398771	0.029439963423022	2	CCAATCCCACA	CCAA(T/C)CCCACA	---	http://mitra.stanford.edu/kundaje/projects/alzheimers_parkinsons/snp_fc_signal_tracks/rs12150090.fc.png	http://mitra.stanford.edu/kundaje/projects/alzheimers_parkinsons/snp_pval_signal_tracks/rs12150090.pval.png	---	MAPT Locus	1,2,3,4,6,7,
20	chr17	45947293	45947294	chr17:45847293-46047294	rs62062786	G	C	+	54	23andme_PD_hg38	4.53E-22	1	0	0.001886072700071	0.002247901635644	0.007070671254715	2	CAGCTGC	CA(G/C)CTGC	---	http://mitra.stanford.edu/kundaje/projects/alzheimers_parkinsons/snp_fc_signal_tracks/rs62062786.fc.png	http://mitra.stanford.edu/kundaje/projects/alzheimers_parkinsons/snp_pval_signal_tracks/rs62062786.pval.png	---	MAPT Locus	9,10,15,16,20,22,
22	chr17	46771150	46771151	chr17:46671150-46871151	rs199523	C	A	-	54	23andme_PD_hg38	9.49E-14	1	0	0.01929766043424	0.020324327709292	0.034871061714245	2	CGCCACCTAC	(C/A)GCCACCTAC	---	http://mitra.stanford.edu/kundaje/projects/alzheimers_parkinsons/snp_fc_signal_tracks/rs199523.fc.png	http://mitra.stanford.edu/kundaje/projects/alzheimers_parkinsons/snp_pval_signal_tracks/rs199523.pval.png	---	MAPT Locus	7,9,10,11,12,13,14,15,20,21,22,23,
91	chr17	45947195	45947196	chr17:45847195-46047196	rs62062785	T	G	-	54	23andme_PD_hg38	3.33E-22	1	1	0.039208559865319	0.045348653307911	0.033827264302747	2	CCCAGTGGCTGCC	CCCAGTG(G/T)CTGCC	---	http://mitra.stanford.edu/kundaje/projects/alzheimers_parkinsons/snp_fc_signal_tracks/rs62062785.fc.png	http://mitra.stanford.edu/kundaje/projects/alzheimers_parkinsons/snp_pval_signal_tracks/rs62062785.pval.png	---	MAPT Locus	15,
110	chr17	45973461	45973462	chr17:45873461-46073462	rs9896485	G	C	-	54	23andme_PD_hg38	7.79E-09	1	0	0.024578869642199	0.025639763889879	0.028133942014891	2	CAATGCCCTCT	CAAT(G/C)CCCTCT	---	http://mitra.stanford.edu/kundaje/projects/alzheimers_parkinsons/snp_fc_signal_tracks/rs9896485.fc.png	http://mitra.stanford.edu/kundaje/projects/alzheimers_parkinsons/snp_pval_signal_tracks/rs9896485.pval.png	---	MAPT Locus	16,
172	chr17	45703883	45703884	chr17:45603883-45803884	rs968027	T	C	-	54	23andme_PD_hg38	2.07E-22	1	1	0.00796220568561	0.008332581702746	0.041339931176272	2	TGACTAA	TGAC(T/C)AA	---	http://mitra.stanford.edu/kundaje/projects/alzheimers_parkinsons/snp_fc_signal_tracks/rs968027.fc.png	http://mitra.stanford.edu/kundaje/projects/alzheimers_parkinsons/snp_pval_signal_tracks/rs968027.pval.png	---	MAPT Locus	2,
191	chr17	45934729	45934730	chr17:45834729-46034730	rs62061716	G	A	-	54	23andme_PD_hg38	4.04E-22	1	0	0.031422111527549	0.037359638685896	0.041876177915676	2	CTCTAGGAGGCAGTA	CTCTA(G/A)GAGGCAGTA	---	http://mitra.stanford.edu/kundaje/projects/alzheimers_parkinsons/snp_fc_signal_tracks/rs62061716.fc.png	http://mitra.stanford.edu/kundaje/projects/alzheimers_parkinsons/snp_pval_signal_tracks/rs62061716.pval.png	---	MAPT Locus	20,
218	chr17	45848599	45848600	chr17:45748599-45948600	rs62054817	G	A	+	54	23andme_PD_hg38	1.14E-22	1	1	0.005836194860565	0.008918576555608	0.045005977745122	2	CCAGTAGAGGGC	CC(A/G)GTAGAGGGC	---	http://mitra.stanford.edu/kundaje/projects/alzheimers_parkinsons/snp_fc_signal_tracks/rs62054817.fc.png	http://mitra.stanford.edu/kundaje/projects/alzheimers_parkinsons/snp_pval_signal_tracks/rs62054817.pval.png	---	MAPT Locus	9,16,20,21,
263	chr17	45826181	45826182	chr17:45726181-45926182	rs62057150	T	C	-	54	23andme_PD_hg38	1.33E-22	1	1	0.042618832819807	0.045282039029953	0.031731809152333	2	CCATTGGTCG	CCAT(T/C)GGTCG	---	http://mitra.stanford.edu/kundaje/projects/alzheimers_parkinsons/snp_fc_signal_tracks/rs62057150.fc.png	http://mitra.stanford.edu/kundaje/projects/alzheimers_parkinsons/snp_pval_signal_tracks/rs62057150.pval.png	---	MAPT Locus	23,
299	chr17	45701984	45701985	chr17:45601984-45801985	rs17688922	A	G	-	54	23andme_PD_hg38	2.05E-22	1	0	0.040435315821595	0.043605350514346	0.02838606278857	2	CACACATGGA	CACAC(A/G)TGGA	---	http://mitra.stanford.edu/kundaje/projects/alzheimers_parkinsons/snp_fc_signal_tracks/rs17688922.fc.png	http://mitra.stanford.edu/kundaje/projects/alzheimers_parkinsons/snp_pval_signal_tracks/rs17688922.pval.png	---	MAPT Locus	3,
311	chr17	45959569	45959570	chr17:45859569-46059570	rs62063279	G	A	+	54	23andme_PD_hg38	1.21E-21	1	0	0.023804414320049	0.02512087117365	0.024348367165759	2	GAAGCCGAGG	GA(A/G)GCCGAGG	---	http://mitra.stanford.edu/kundaje/projects/alzheimers_parkinsons/snp_fc_signal_tracks/rs62063279.fc.png	http://mitra.stanford.edu/kundaje/projects/alzheimers_parkinsons/snp_pval_signal_tracks/rs62063279.pval.png	---	MAPT Locus	4,
365	chr17	45947185	45947186	chr17:45847185-46047186	rs62062784	G	C	-	54	23andme_PD_hg38	3.33E-22	1	1	0.013790887529049	0.013497207262081	0.036817263041156	2	TTACTGAGCAGC	TTACTGAGCA(G/C)C	---	http://mitra.stanford.edu/kundaje/projects/alzheimers_parkinsons/snp_fc_signal_tracks/rs62062784.fc.png	http://mitra.stanford.edu/kundaje/projects/alzheimers_parkinsons/snp_pval_signal_tracks/rs62062784.pval.png	---	MAPT Locus	9,
31	chr17	4901871	4901872	chr17:4801871-5001872	rs79436576	T	C	+	55	Alzheimers_Lambert_2013	4.79E-05	1	0	0.004616096178951	0.00444888007433	0.041519271772347	2	TGGCCCCGCCCC	TGGCC(C/T)CGCCCC	---	http://mitra.stanford.edu/kundaje/projects/alzheimers_parkinsons/snp_fc_signal_tracks/rs79436576.fc.png	http://mitra.stanford.edu/kundaje/projects/alzheimers_parkinsons/snp_pval_signal_tracks/rs79436576.pval.png	---	Many possible linked genes. ARRB2 - arrestin B2, long distance	6,11,13,14,15,19,20,21,22,24,
134	chr17	75088242	75088243	chr17:74988242-75188243	rs55827552	A	G	-	61	Alzheimers_Kunkle_2019	0.001869	1	0	0.038754945931219	0.038832814540201	0.028006676482444	2	GAGGGCGCTC	(G/A)AGGGCGCTC	---	http://mitra.stanford.edu/kundaje/projects/alzheimers_parkinsons/snp_fc_signal_tracks/rs55827552.fc.png	http://mitra.stanford.edu/kundaje/projects/alzheimers_parkinsons/snp_pval_signal_tracks/rs55827552.pval.png	---	Many possible linked genes	18,
67	chr17	78426733	78426734	chr17:78326733-78526734	rs72914883	G	A	-	62	Nalls_23andMe	0.0446179	0	0	0.011930236270545	0.018587136728018	0.028849739088244	2	GCCGCGCAAGCGC	GCC(G/A)CGCAAGCGC	---	http://mitra.stanford.edu/kundaje/projects/alzheimers_parkinsons/snp_fc_signal_tracks/rs72914883.fc.png	http://mitra.stanford.edu/kundaje/projects/alzheimers_parkinsons/snp_pval_signal_tracks/rs72914883.pval.png	---	Likely oligo-specific. Gene unclear. Maybe CYTH1. SOCS3 in microglia? 	14,18,19,23,
21	chr19	18438073	18438074	chr19:18338073-18538074	rs2303696	C	T	+	69	Alzheimers_Kunkle_2019	1.89E-05	1	0	0.015923092492394	0.018498320724024	0.007399702408864	2	GTCCCCGCCC	GTCCC(C/T)GCCC	---	http://mitra.stanford.edu/kundaje/projects/alzheimers_parkinsons/snp_fc_signal_tracks/rs2303696.fc.png	http://mitra.stanford.edu/kundaje/projects/alzheimers_parkinsons/snp_pval_signal_tracks/rs2303696.pval.png	---	ISYNA1 promoter in microglia	9,10,11,15,16,24,
3	chr19	45326535	45326536	chr19:45226535-45426536	rs344791	C	G	-	71	Alzheimers_Jansen_2018	0.000121567109578	1	1	0.00443110275417	0.005977381013299	0.020522367809133	2	CGCCTCC	C(G/C)CCTCC	---	http://mitra.stanford.edu/kundaje/projects/alzheimers_parkinsons/snp_fc_signal_tracks/rs344791.fc.png	http://mitra.stanford.edu/kundaje/projects/alzheimers_parkinsons/snp_pval_signal_tracks/rs344791.pval.png	---	APOE locus	1,4,5,9,11,12,13,14,15,16,18,20,21,22,
69	chr19	44846144	44846145	chr19:44746144-44946145	rs3810143	C	T	+	71	Alzheimers_Jansen_2018	5.98E-50	1	1	0.014812299025904	0.022425197987573	0.038373093210692	2	TTCTTTGGCAG	TTCTT(T/C)GGCAG	---	http://mitra.stanford.edu/kundaje/projects/alzheimers_parkinsons/snp_fc_signal_tracks/rs3810143.fc.png	http://mitra.stanford.edu/kundaje/projects/alzheimers_parkinsons/snp_pval_signal_tracks/rs3810143.pval.png	---	APOE locus	13,14,15,16,
71	chr19	44721571	44721572	chr19:44621571-44821572	rs4802235	T	G	-	71	Alzheimers_Kunkle_2019	1.05E-13	1	0	0.038596289951095	0.049699621672585	0.04217758167876	2	GTGGCGCAATC	GTGGC(G/T)CAATC	---	http://mitra.stanford.edu/kundaje/projects/alzheimers_parkinsons/snp_fc_signal_tracks/rs4802235.fc.png	http://mitra.stanford.edu/kundaje/projects/alzheimers_parkinsons/snp_pval_signal_tracks/rs4802235.pval.png	---	APOE locus	14,
173	chr19	44644418	44644419	chr19:44544418-44744419	rs10426401	G	T	-	71	Alzheimers_Jansen_2018	4.63E-14	1	1	0.045432999042143	0.048314122633685	0.045093108005502	2	CAGCAACACGGGGCG	CAGCAACACGGG(G/T)CG	---	http://mitra.stanford.edu/kundaje/projects/alzheimers_parkinsons/snp_fc_signal_tracks/rs10426401.fc.png	http://mitra.stanford.edu/kundaje/projects/alzheimers_parkinsons/snp_pval_signal_tracks/rs10426401.pval.png	---	APOE locus	2,7,8,
324	chr19	45039212	45039213	chr19:44939212-45139213	rs34034621	T	C	+	71	Alzheimers_Jansen_2018	4.19E-08	1	1	0.024155630965648	0.025927233469593	0.003948978795326	2	GCTGCGTTCC	GCTGCGT(T/C)CC	---	http://mitra.stanford.edu/kundaje/projects/alzheimers_parkinsons/snp_fc_signal_tracks/rs34034621.fc.png	http://mitra.stanford.edu/kundaje/projects/alzheimers_parkinsons/snp_pval_signal_tracks/rs34034621.pval.png	---	APOE locus	5,6,
66	chr2	127128581	127128582	chr2:127028581-127228582	rs13025717	T	C	+	77	Alzheimers_Jansen_2018	9.13E-17	0	0	0.027618068662821	0.039899292635608	0.020859535121405	2	GCCCCGCCCAAT	GCCC(C/T)GCCCAAT	---	http://mitra.stanford.edu/kundaje/projects/alzheimers_parkinsons/snp_fc_signal_tracks/rs13025717.fc.png	http://mitra.stanford.edu/kundaje/projects/alzheimers_parkinsons/snp_pval_signal_tracks/rs13025717.pval.png	---	BIN1, microglia. Different from Science paper.	6,8,14,18,19,20,21,24,
8	chr2	134719288	134719289	chr2:134619288-134819289	rs62171396	T	C	-	78	Nalls_23andMe	0.0103987	0	1	0.032229269896431	0.036425223093427	0.030313515873981	2	CGGCTCTGGCAGAG	CGGC(T/C)CTGGCAGAG	---	http://mitra.stanford.edu/kundaje/projects/alzheimers_parkinsons/snp_fc_signal_tracks/rs62171396.fc.png	http://mitra.stanford.edu/kundaje/projects/alzheimers_parkinsons/snp_pval_signal_tracks/rs62171396.pval.png	---	TMEM163 promoter. Microglia, neurons, OPCs	1,
283	chr2	134782975	134782976	chr2:134682975-134882976	rs7599054	G	A	-	78	Chang_23andMe_Parkinsons	1.58E-06	0	1	0.000685938754999	0.000637120387263	0.029762315508943	2	CCACTAGGGGGCA	CCACTAGGGG(G/A)CA	---	http://mitra.stanford.edu/kundaje/projects/alzheimers_parkinsons/snp_fc_signal_tracks/rs7599054.fc.png	http://mitra.stanford.edu/kundaje/projects/alzheimers_parkinsons/snp_pval_signal_tracks/rs7599054.pval.png	---	TMEM163 64kb distal enhancer. Microglia specific	24,
213	chr2	95074354	95074355	chr2:94974354-95174355	rs7585473	T	G	-	85	Nalls_23andMe	0.0367323	0	1	0.004580466273231	0.007319364604953	0.023968832524624	2	CCATTGT	CCAT(T/G)GT	---	http://mitra.stanford.edu/kundaje/projects/alzheimers_parkinsons/snp_fc_signal_tracks/rs7585473.fc.png	http://mitra.stanford.edu/kundaje/projects/alzheimers_parkinsons/snp_pval_signal_tracks/rs7585473.pval.png	---	MAL. Oligo-specific	21,22,
167	chr3	18177544	18177545	chr3:18077544-18277545	rs4688901	G	A	-	89	Chang_23andMe_Parkinsons	4.74E-05	0	0	0.024052578648578	0.025281839189826	0.017363842791675	2	GGGCGTGGTAA	GGGC(G/A)TGGTAA	---	http://mitra.stanford.edu/kundaje/projects/alzheimers_parkinsons/snp_fc_signal_tracks/rs4688901.fc.png	http://mitra.stanford.edu/kundaje/projects/alzheimers_parkinsons/snp_pval_signal_tracks/rs4688901.pval.png	---	Inhibitory neurons. SATB1? Unclear.	2,
55	chr3	49007333	49007334	chr3:48907333-49107334	rs6781790	T	C	+	92	Chang_23andMe_Parkinsons	0.00234934	0	1	0.007496695844939	0.007957526446445	0.029538747134407	2	GAGGGCGCTGT	GAGGG(C/T)GCTGT	---	http://mitra.stanford.edu/kundaje/projects/alzheimers_parkinsons/snp_fc_signal_tracks/rs6781790.fc.png	http://mitra.stanford.edu/kundaje/projects/alzheimers_parkinsons/snp_pval_signal_tracks/rs6781790.pval.png	---	WDR6 promoter. CTCF site? All cell types	3,5,6,7,8,9,10,12,13,14,15,16,17,18,19,20,21,22,23,24,
54	chr3	52498433	52498434	chr3:52398433-52598434	rs181391313	G	A	-	93	Chang_23andMe_Parkinsons	0.00273065	0	0	0.013219451264481	0.014302947983803	0.015081768909717	2	GGGCGGAG	GGGC(G/A)GAG	---	http://mitra.stanford.edu/kundaje/projects/alzheimers_parkinsons/snp_fc_signal_tracks/rs181391313.fc.png	http://mitra.stanford.edu/kundaje/projects/alzheimers_parkinsons/snp_pval_signal_tracks/rs181391313.pval.png	---	STAB1 microglia	1,2,4,7,13,24,
144	chr4	18002390	18002391	chr4:17902390-18102391	rs13116230	G	A	+	100	Nalls_23andMe	0.0173137	0	0	0.011645465569478	0.010265024598688	0.01018814469313	2	TCCCGCCTCTCAC	TCCC(G/A)CCTCTCAC	---	http://mitra.stanford.edu/kundaje/projects/alzheimers_parkinsons/snp_fc_signal_tracks/rs13116230.fc.png	http://mitra.stanford.edu/kundaje/projects/alzheimers_parkinsons/snp_pval_signal_tracks/rs13116230.pval.png	---	Weak peak? LCORL in oligos?	19,
135	chr4	960458	960459	chr4:860458-1060459	rs3733345	T	G	-	102	23andme_PD_hg38	3.35E-10	1	0	0.024015626547919	0.024762395369962	0.044350793708024	2	GGCGGGTC	GGC(G/T)GGTC	---	http://mitra.stanford.edu/kundaje/projects/alzheimers_parkinsons/snp_fc_signal_tracks/rs3733345.fc.png	http://mitra.stanford.edu/kundaje/projects/alzheimers_parkinsons/snp_pval_signal_tracks/rs3733345.pval.png	---	CPLX1 in neurons	18,
363	chr4	89836583	89836584	chr4:89736583-89936584	rs2619361	A	C	+	103	23andme_PD_hg38	1.36E-08	1	1	0.03175285236884	0.032027873422556	0.012271164214136	2	TCTTTCATTA	TCTTTC(A/C)TTA	---	http://mitra.stanford.edu/kundaje/projects/alzheimers_parkinsons/snp_fc_signal_tracks/rs2619361.fc.png	http://mitra.stanford.edu/kundaje/projects/alzheimers_parkinsons/snp_pval_signal_tracks/rs2619361.pval.png	---	SNCA locus	9,
343	chr5	103120549	103120550	chr5:103020549-103220550	rs26523	T	C	-	104	Nalls_23andMe	0.00108483	0	1	0.035254561159382	0.037192551795788	0.02335842267177	2	GAGGCGGCTGC	GAGG(C/T)GGCTGC	---	http://mitra.stanford.edu/kundaje/projects/alzheimers_parkinsons/snp_fc_signal_tracks/rs26523.fc.png	http://mitra.stanford.edu/kundaje/projects/alzheimers_parkinsons/snp_pval_signal_tracks/rs26523.pval.png	---	GIN1 promoter, PPIP5K promoter. Long distance contact with C5orf30	3,7,9,11,18,19,21,23,
193	chr6	27772520	27772521	chr6:27672520-27872521	rs760587	C	A	-	110	Nalls_23andMe	6.44E-06	0	1	0.025043122002458	0.030035645333151	0.04325161873042	2	GCAGCAAACAAAGGCT	GCAGCAA(A/C)CAAAGGCT	---	http://mitra.stanford.edu/kundaje/projects/alzheimers_parkinsons/snp_fc_signal_tracks/rs760587.fc.png	http://mitra.stanford.edu/kundaje/projects/alzheimers_parkinsons/snp_pval_signal_tracks/rs760587.pval.png	---	Histone H2B cluster	19,20,21,23,
368	chr7	23203210	23203211	chr7:23103210-23303211	rs858305	G	C	-	120	Chang_23andMe_Parkinsons	7.39E-06	0	0	0.04696918079342	0.046712011620175	0.049954625837581	2	CGCGGCTTC	CG(C/G)GGCTTC	---	http://mitra.stanford.edu/kundaje/projects/alzheimers_parkinsons/snp_fc_signal_tracks/rs858305.fc.png	http://mitra.stanford.edu/kundaje/projects/alzheimers_parkinsons/snp_pval_signal_tracks/rs858305.pval.png	---	Unclear peak	9,
277	chr8	16837908	16837909	chr8:16737908-16937909	rs1717289	T	C	-	124	Chang_23andMe_Parkinsons	0.000221605	0	0	0.001739963349319	0.001773788628683	0.00482864476099	2	TTTCAGTTCCT	TTTCAG(T/C)TCCT	---	http://mitra.stanford.edu/kundaje/projects/alzheimers_parkinsons/snp_fc_signal_tracks/rs1717289.fc.png	http://mitra.stanford.edu/kundaje/projects/alzheimers_parkinsons/snp_pval_signal_tracks/rs1717289.pval.png	---	FGF20, MICU3, ZDHHC2	24,
278	chr8	27369272	27369273	chr8:27269272-27469273	rs755951	A	C	-	126	Alzheimers_Jansen_2018	1.31E-11	1	1	0.012860879658118	0.013238100877547	0.005547668393298	2	TGGCCTGTAGGGGG	TGGC(C/A)TGTAGGGGG	---	http://mitra.stanford.edu/kundaje/projects/alzheimers_parkinsons/snp_fc_signal_tracks/rs755951.fc.png	http://mitra.stanford.edu/kundaje/projects/alzheimers_parkinsons/snp_pval_signal_tracks/rs755951.pval.png	---	PTK2B intron, EPHX2 loop. CLU (clusterin) locus	24,
175	chr10	102245652	102245653	chr10:102145652-102345653	rs2296887	T	C	-	1	Nalls_23andMe	0.00697732	0	1	0.021475427307119	0.022689062349167	0.125544285727113	1	AACAGGCTCC	AACAGGC(T/C)CC	---	http://mitra.stanford.edu/kundaje/projects/alzheimers_parkinsons/snp_fc_signal_tracks/rs2296887.fc.png	http://mitra.stanford.edu/kundaje/projects/alzheimers_parkinsons/snp_pval_signal_tracks/rs2296887.pval.png	---	---	1,2,4,11,
11	chr10	80493944	80493945	chr10:80393944-80593945	rs7900536	A	C	+	5	Alzheimers_Kunkle_2019	2.91E-05	1	1	0.029274702699455	0.030456118520879	0.191728419397109	1	CCTCTAGAGGGATGATTCA	CCTCTAGAGGGATGATTC(A/C)	---	http://mitra.stanford.edu/kundaje/projects/alzheimers_parkinsons/snp_fc_signal_tracks/rs7900536.fc.png	http://mitra.stanford.edu/kundaje/projects/alzheimers_parkinsons/snp_pval_signal_tracks/rs7900536.pval.png	---	---	1,2,7,
177	chr11	47339532	47339533	chr11:47239532-47439533	rs2856653	T	C	+	9	Alzheimers_Kunkle_2019	6.19E-08	1	0	0.028401596929142	0.028298664965509	0.13491820078226	1	TCTCCCACGG	TCTCCCA(C/T)GG	---	http://mitra.stanford.edu/kundaje/projects/alzheimers_parkinsons/snp_fc_signal_tracks/rs2856653.fc.png	http://mitra.stanford.edu/kundaje/projects/alzheimers_parkinsons/snp_pval_signal_tracks/rs2856653.pval.png	---	---	2,
97	chr11	65889092	65889093	chr11:65789092-65989093	rs2231884	T	C	-	13	Alzheimers_Jansen_2018	2.37E-06	1	1	0.038525925136925	0.046885671073855	0.099567107731143	1	TTCAAAAGC	(T/C)TCAAAAGC	---	http://mitra.stanford.edu/kundaje/projects/alzheimers_parkinsons/snp_fc_signal_tracks/rs2231884.fc.png	http://mitra.stanford.edu/kundaje/projects/alzheimers_parkinsons/snp_pval_signal_tracks/rs2231884.pval.png	---	---	14,15,22,
47	chr11	86069405	86069406	chr11:85969405-86169406	rs3016327	T	C	-	16	Alzheimers_Jansen_2018	1.41E-11	0	1	0.018932988015577	0.018528476265072	0.174579198058491	1	GGGCGGTGTG	GGGCGG(T/C)GTG	---	http://mitra.stanford.edu/kundaje/projects/alzheimers_parkinsons/snp_fc_signal_tracks/rs3016327.fc.png	http://mitra.stanford.edu/kundaje/projects/alzheimers_parkinsons/snp_pval_signal_tracks/rs3016327.pval.png	---	---	12,17,
290	chr1	39890482	39890483	chr1:39790482-39990483	rs6684490	A	G	-	31	Alzheimers_Kunkle_2019	1.54E-05	1	1	0.031665245534264	0.031074144745673	0.357646655633409	1	ACTTCCCTATTTCAAAGAGGATGT	ACTTCCCT(A/G)TTTCAAAGAGGATGT	---	http://mitra.stanford.edu/kundaje/projects/alzheimers_parkinsons/snp_fc_signal_tracks/rs6684490.fc.png	http://mitra.stanford.edu/kundaje/projects/alzheimers_parkinsons/snp_pval_signal_tracks/rs6684490.pval.png	---	---	24,
288	chr14	92466230	92466231	chr14:92366230-92566231	rs10130373	C	A	+	39	Alzheimers_Jansen_2018	6.16E-09	0	1	0.007148308506503	0.007459121085154	0.121175545397633	1	GCAAGAGGAAGTTA	GCAAG(A/C)GGAAGTTA	---	http://mitra.stanford.edu/kundaje/projects/alzheimers_parkinsons/snp_fc_signal_tracks/rs10130373.fc.png	http://mitra.stanford.edu/kundaje/projects/alzheimers_parkinsons/snp_pval_signal_tracks/rs10130373.pval.png	---	---	24,
33	chr16	30010080	30010081	chr16:29910080-30110081	rs1140239	T	C	-	48	Alzheimers_Jansen_2018	0.00440314896679	1	1	0.005321527246281	0.003641856612727	0.065745936038912	1	GCCGCTCCCG	GCCGC(T/C)CCCG	---	http://mitra.stanford.edu/kundaje/projects/alzheimers_parkinsons/snp_fc_signal_tracks/rs1140239.fc.png	http://mitra.stanford.edu/kundaje/projects/alzheimers_parkinsons/snp_pval_signal_tracks/rs1140239.pval.png	---	---	1,4,11,12,
12	chr17	45966011	45966012	chr17:45866011-46066012	rs62063291	T	C	+	54	23andme_PD_hg38	2.30E-22	1	0	0.018694789164365	0.022735180395503	0.199297956459335	1	CCAAGCTCCC	CCAAGC(T/C)CCC	---	http://mitra.stanford.edu/kundaje/projects/alzheimers_parkinsons/snp_fc_signal_tracks/rs62063291.fc.png	http://mitra.stanford.edu/kundaje/projects/alzheimers_parkinsons/snp_pval_signal_tracks/rs62063291.pval.png	---	---	1,3,4,7,12,
41	chr17	45897109	45897110	chr17:45797109-45997110	rs80346216	T	G	-	54	23andme_PD_hg38	3.94E-22	1	0	0.040192050047172	0.043723909009882	0.061527000222685	1	CCGCCGCTAGGGG	CCGCCGC(T/G)AGGGG	---	http://mitra.stanford.edu/kundaje/projects/alzheimers_parkinsons/snp_fc_signal_tracks/rs80346216.fc.png	http://mitra.stanford.edu/kundaje/projects/alzheimers_parkinsons/snp_pval_signal_tracks/rs80346216.pval.png	---	---	12,20,21,
94	chr17	45955821	45955822	chr17:45855821-46055822	rs112950348	G	A	+	54	23andme_PD_hg38	3.19E-22	1	1	0.020718821594445	0.026304164469371	0.065120843676377	1	CTCCGCCTCC	CTCC(G/A)CCTCC	---	http://mitra.stanford.edu/kundaje/projects/alzheimers_parkinsons/snp_fc_signal_tracks/rs112950348.fc.png	http://mitra.stanford.edu/kundaje/projects/alzheimers_parkinsons/snp_pval_signal_tracks/rs112950348.pval.png	---	---	15,
126	chr17	45955512	45955513	chr17:45855512-46055513	rs78555354	G	A	-	54	23andme_PD_hg38	3.22E-22	1	1	0.029783771622215	0.032417635330033	0.122639869578368	1	ACCCGCCTAC	ACCC(G/A)CCTAC	---	http://mitra.stanford.edu/kundaje/projects/alzheimers_parkinsons/snp_fc_signal_tracks/rs78555354.fc.png	http://mitra.stanford.edu/kundaje/projects/alzheimers_parkinsons/snp_pval_signal_tracks/rs78555354.pval.png	---	---	17,
150	chr17	45908230	45908231	chr17:45808230-46008231	rs74509629	T	C	-	54	23andme_PD_hg38	3.94E-22	1	0	0.041413570540124	0.042208987439921	0.094973544272952	1	CTTCCGGCTC	CTTC(C/T)GGCTC	---	http://mitra.stanford.edu/kundaje/projects/alzheimers_parkinsons/snp_fc_signal_tracks/rs74509629.fc.png	http://mitra.stanford.edu/kundaje/projects/alzheimers_parkinsons/snp_pval_signal_tracks/rs74509629.pval.png	---	---	19,
153	chr17	45914521	45914522	chr17:45814521-46014522	rs55682376	G	A	+	54	23andme_PD_hg38	3.96E-22	1	0	0.024946603695948	0.026736863798799	0.105026032172771	1	AGGCAGATACTGTGTACTGTCCTCT	AGGCAG(A/G)TACTGTGTACTGTCCTCT	---	http://mitra.stanford.edu/kundaje/projects/alzheimers_parkinsons/snp_fc_signal_tracks/rs55682376.fc.png	http://mitra.stanford.edu/kundaje/projects/alzheimers_parkinsons/snp_pval_signal_tracks/rs55682376.pval.png	---	---	19,
174	chr17	45894090	45894091	chr17:45794090-45994091	rs76594404	G	C	+	54	23andme_PD_hg38	3.94E-22	1	1	0.043291545108924	0.045748560926223	0.081451726600095	1	CGCCCACGTG	CG(C/G)CCACGTG	---	http://mitra.stanford.edu/kundaje/projects/alzheimers_parkinsons/snp_fc_signal_tracks/rs76594404.fc.png	http://mitra.stanford.edu/kundaje/projects/alzheimers_parkinsons/snp_pval_signal_tracks/rs76594404.pval.png	---	---	2,
178	chr17	45639518	45639519	chr17:45539518-45739519	rs413778	A	G	+	54	23andme_PD_hg38	2.96E-22	1	1	0.030777812961742	0.030715384513024	0.13614743939225	1	TGGTGAGTCAGAG	TGGTGAGTCA(G/A)AG	---	http://mitra.stanford.edu/kundaje/projects/alzheimers_parkinsons/snp_fc_signal_tracks/rs413778.fc.png	http://mitra.stanford.edu/kundaje/projects/alzheimers_parkinsons/snp_pval_signal_tracks/rs413778.pval.png	---	---	2,7,
219	chr17	45783750	45783751	chr17:45683750-45883751	rs62057073	T	C	-	54	23andme_PD_hg38	2.16E-22	1	1	0.047150122093203	0.046330725134341	0.059129440306561	1	GCTCCTCCTAG	GCTCCTC(C/T)TAG	---	http://mitra.stanford.edu/kundaje/projects/alzheimers_parkinsons/snp_fc_signal_tracks/rs62057073.fc.png	http://mitra.stanford.edu/kundaje/projects/alzheimers_parkinsons/snp_pval_signal_tracks/rs62057073.pval.png	---	---	21,
228	chr17	45825432	45825433	chr17:45725432-45925433	rs3885075	G	A	-	54	23andme_PD_hg38	1.34E-22	1	1	0.039016367362318	0.046583741186463	0.190664210808315	1	CCACCCGCCC	CCACCC(G/A)CCC	---	http://mitra.stanford.edu/kundaje/projects/alzheimers_parkinsons/snp_fc_signal_tracks/rs3885075.fc.png	http://mitra.stanford.edu/kundaje/projects/alzheimers_parkinsons/snp_pval_signal_tracks/rs3885075.pval.png	---	---	21,
372	chr17	45940574	45940575	chr17:45840574-46040575	rs62061732	T	G	-	54	23andme_PD_hg38	3.04E-22	1	1	0.010494622636897	0.010782176724831	0.168668352770922	1	GCCCAGTTAA	GCCCAG(T/G)TAA	---	http://mitra.stanford.edu/kundaje/projects/alzheimers_parkinsons/snp_fc_signal_tracks/rs62061732.fc.png	http://mitra.stanford.edu/kundaje/projects/alzheimers_parkinsons/snp_pval_signal_tracks/rs62061732.pval.png	---	---	9,20,21,
375	chr17	45442197	45442198	chr17:45342197-45542198	rs34887474	C	A	+	54	23andme_PD_hg38	3.43E-21	1	0	0.02345981716726	0.02269993181296	0.321435056074433	1	TGCCAGGCAGCTGCCACTA	TG(C/A)CAGGCAGCTGCCACTA	---	http://mitra.stanford.edu/kundaje/projects/alzheimers_parkinsons/snp_fc_signal_tracks/rs34887474.fc.png	http://mitra.stanford.edu/kundaje/projects/alzheimers_parkinsons/snp_pval_signal_tracks/rs34887474.pval.png	---	---	9,
287	chr17	58332679	58332680	chr17:58232679-58432680	rs2526377	A	G	+	57	Alzheimers_Jansen_2018	9.13E-07	1	1	0.028382720026457	0.027581872789587	0.108778468974262	1	ACAGGAAACAGAAGGG	ACAGGAAACAGA(A/G)GGG	---	http://mitra.stanford.edu/kundaje/projects/alzheimers_parkinsons/snp_fc_signal_tracks/rs2526377.fc.png	http://mitra.stanford.edu/kundaje/projects/alzheimers_parkinsons/snp_pval_signal_tracks/rs2526377.pval.png	---	---	24,
252	chr17	75032747	75032748	chr17:74932747-75132748	rs7218004	A	G	+	61	Alzheimers_Kunkle_2019	8.54E-06	1	1	0.012519813517574	0.015857186075182	0.176028335686197	1	CGGGCGGGTT	CGGGC(G/A)GGTT	---	http://mitra.stanford.edu/kundaje/projects/alzheimers_parkinsons/snp_fc_signal_tracks/rs7218004.fc.png	http://mitra.stanford.edu/kundaje/projects/alzheimers_parkinsons/snp_pval_signal_tracks/rs7218004.pval.png	---	---	14,15,19,20,21,22,23,
76	chr17	78426790	78426791	chr17:78326790-78526791	rs72914885	C	A	-	62	Nalls_23andMe	0.0446717	0	0	0.031953296497239	0.038787571633282	0.158289265926983	1	ACTGCCAGAGC	(A/C)CTGCCAGAGC	---	http://mitra.stanford.edu/kundaje/projects/alzheimers_parkinsons/snp_fc_signal_tracks/rs72914885.fc.png	http://mitra.stanford.edu/kundaje/projects/alzheimers_parkinsons/snp_pval_signal_tracks/rs72914885.pval.png	---	---	14,18,19,20,21,22,
225	chr17	78414789	78414790	chr17:78314789-78514790	rs3744216	G	A	-	62	Nalls_23andMe	0.0592239	0	1	0.006901985219291	0.010361096747853	0.102390635478824	1	AGGCCGCCTT	AGGCC(G/A)CCTT	---	http://mitra.stanford.edu/kundaje/projects/alzheimers_parkinsons/snp_fc_signal_tracks/rs3744216.fc.png	http://mitra.stanford.edu/kundaje/projects/alzheimers_parkinsons/snp_pval_signal_tracks/rs3744216.pval.png	---	---	21,
37	chr19	18462023	18462024	chr19:18362023-18562024	rs8103622	T	C	+	69	Alzheimers_Kunkle_2019	1.28E-05	1	1	0.036736772689198	0.039399057893031	0.389164994841568	1	AGAGCGCCACCTGCT	AGAG(C/T)GCCACCTGCT	---	http://mitra.stanford.edu/kundaje/projects/alzheimers_parkinsons/snp_fc_signal_tracks/rs8103622.fc.png	http://mitra.stanford.edu/kundaje/projects/alzheimers_parkinsons/snp_pval_signal_tracks/rs8103622.pval.png	---	---	2,11,20,21,22,24,
45	chr19	44890946	44890947	chr19:44790946-44990947	19_44890947	A	G	+	71	Alzheimers_Jansen_2018	9.36E-19	1	1	0.017759511830654	0.018755168595654	0.159777533920606	1	GAGGCGGGGCG	GAGGCGGG(G/A)CG	---	http://mitra.stanford.edu/kundaje/projects/alzheimers_parkinsons/snp_fc_signal_tracks/19_44890947.fc.png	http://mitra.stanford.edu/kundaje/projects/alzheimers_parkinsons/snp_pval_signal_tracks/19_44890947.pval.png	---	---	12,17,
116	chr19	45137506	45137507	chr19:45037506-45237507	rs536518226	C	G	+	71	Alzheimers_Jansen_2018	1.88E-19	1	1	0.032511886882096	0.032970261946134	0.11650211542731	1	GTTGGCTTTG	GTTGG(C/G)TTTG	---	http://mitra.stanford.edu/kundaje/projects/alzheimers_parkinsons/snp_fc_signal_tracks/rs536518226.fc.png	http://mitra.stanford.edu/kundaje/projects/alzheimers_parkinsons/snp_pval_signal_tracks/rs536518226.pval.png	---	---	16,
221	chr19	44890258	44890259	chr19:44790258-44990259	rs117310449	T	C	+	71	Alzheimers_Jansen_2018	7.04E-94	1	1	0.028794770443197	0.036369535021677	0.062674090642723	1	CAGAGTGATGA	(C/T)AGAGTGATGA	---	http://mitra.stanford.edu/kundaje/projects/alzheimers_parkinsons/snp_fc_signal_tracks/rs117310449.fc.png	http://mitra.stanford.edu/kundaje/projects/alzheimers_parkinsons/snp_pval_signal_tracks/rs117310449.pval.png	---	---	9,21,
357	chr19	45001918	45001919	chr19:44901918-45101919	rs35194062	A	C	+	71	Alzheimers_Kunkle_2019	2.38E-14	1	1	0.011896613446262	0.011246757823642	0.202718884048918	1	GGGGCGGGGC	GGGGCGGGGC(C/A)	---	http://mitra.stanford.edu/kundaje/projects/alzheimers_parkinsons/snp_fc_signal_tracks/rs35194062.fc.png	http://mitra.stanford.edu/kundaje/projects/alzheimers_parkinsons/snp_pval_signal_tracks/rs35194062.pval.png	---	---	6,8,9,
370	chr19	44845919	44845920	chr19:44745919-44945920	rs77241309	C	G	-	71	Alzheimers_Jansen_2018	5.12E-10	1	1	0.028910243159924	0.029979175107729	0.112933614956853	1	TGAGCTA	TGA(G/C)CTA	---	http://mitra.stanford.edu/kundaje/projects/alzheimers_parkinsons/snp_fc_signal_tracks/rs77241309.fc.png	http://mitra.stanford.edu/kundaje/projects/alzheimers_parkinsons/snp_pval_signal_tracks/rs77241309.pval.png	---	---	9,
224	chr2	127117812	127117813	chr2:127017812-127217813	rs3845674	T	G	-	77	Alzheimers_Jansen_2018	3.37E-12	0	1	0.038925579945049	0.046916599736989	0.091418372493958	1	CGCGCAGTTG	CGCGCAG(T/G)TG	---	http://mitra.stanford.edu/kundaje/projects/alzheimers_parkinsons/snp_fc_signal_tracks/rs3845674.fc.png	http://mitra.stanford.edu/kundaje/projects/alzheimers_parkinsons/snp_pval_signal_tracks/rs3845674.pval.png	---	---	21,
302	chr2	134718389	134718390	chr2:134618389-134818390	rs62171393	G	C	-	78	Nalls_23andMe	0.00902094	0	0	0.047057825314927	0.047824438508398	0.144673569895575	1	GCGCAGAAGCG	GC(G/C)CAGAAGCG	---	http://mitra.stanford.edu/kundaje/projects/alzheimers_parkinsons/snp_fc_signal_tracks/rs62171393.fc.png	http://mitra.stanford.edu/kundaje/projects/alzheimers_parkinsons/snp_pval_signal_tracks/rs62171393.pval.png	---	---	3,
10	chr2	95323523	95323524	chr2:95223523-95423524	rs3755519	T	A	+	85	Nalls_23andMe	0.00768245	0	1	0.011535831937935	0.014240248958593	0.146132190141935	1	AGTGCTCTCTG	(A/T)GTGCTCTCTG	---	http://mitra.stanford.edu/kundaje/projects/alzheimers_parkinsons/snp_fc_signal_tracks/rs3755519.fc.png	http://mitra.stanford.edu/kundaje/projects/alzheimers_parkinsons/snp_pval_signal_tracks/rs3755519.pval.png	---	---	1,3,4,5,7,10,14,15,22,
24	chr2	95057163	95057164	chr2:94957163-95157164	rs872580	C	A	-	85	Nalls_23andMe	0.0403717	0	0	0.023561233653169	0.023908640100079	0.141431350494453	1	CATGGCACTC	CATGGC(A/C)CTC	---	http://mitra.stanford.edu/kundaje/projects/alzheimers_parkinsons/snp_fc_signal_tracks/rs872580.fc.png	http://mitra.stanford.edu/kundaje/projects/alzheimers_parkinsons/snp_pval_signal_tracks/rs872580.pval.png	---	---	9,10,14,15,
75	chr3	183006617	183006618	chr3:182906617-183106618	rs6791884	G	A	-	90	23andme_PD_hg38	6.00E-09	0	1	0.035559523740608	0.044584745634189	0.060937731338978	1	AGAGCTGCCAA	AGAGCTGCC(A/G)A	---	http://mitra.stanford.edu/kundaje/projects/alzheimers_parkinsons/snp_fc_signal_tracks/rs6791884.fc.png	http://mitra.stanford.edu/kundaje/projects/alzheimers_parkinsons/snp_pval_signal_tracks/rs6791884.pval.png	---	---	14,
137	chr4	89837895	89837896	chr4:89737895-89937896	rs2619363	T	G	+	103	23andme_PD_hg38	1.43E-08	1	0	0.028788483299635	0.026182765273454	0.05237905149088	1	CCAATCAGCGC	CCAATCAGC(G/T)C	---	http://mitra.stanford.edu/kundaje/projects/alzheimers_parkinsons/snp_fc_signal_tracks/rs2619363.fc.png	http://mitra.stanford.edu/kundaje/projects/alzheimers_parkinsons/snp_pval_signal_tracks/rs2619363.pval.png	---	---	18,23,
286	chr4	89829438	89829439	chr4:89729438-89929439	rs2737005	G	A	+	103	23andme_PD_hg38	1.09E-08	1	1	0.021970969397177	0.023027296221145	0.086574825237494	1	GCAACACTTCCTCT	GCAAC(A/G)CTTCCTCT	---	http://mitra.stanford.edu/kundaje/projects/alzheimers_parkinsons/snp_fc_signal_tracks/rs2737005.fc.png	http://mitra.stanford.edu/kundaje/projects/alzheimers_parkinsons/snp_pval_signal_tracks/rs2737005.pval.png	---	---	24,
371	chr7	100217743	100217744	chr7:100117743-100317744	rs1727139	C	T	-	117	Alzheimers_Jansen_2018	9.85E-10	1	0	0.039411143866873	0.038600161742062	0.12015046148288	1	GCGGAGAGAGAGAG	G(C/T)GGAGAGAGAGAG	---	http://mitra.stanford.edu/kundaje/projects/alzheimers_parkinsons/snp_fc_signal_tracks/rs1727139.fc.png	http://mitra.stanford.edu/kundaje/projects/alzheimers_parkinsons/snp_pval_signal_tracks/rs1727139.pval.png	---	---	9,
96	chr8	11845330	11845331	chr8:11745330-11945331	rs1736081	T	G	+	122	Chang_23andMe_Parkinsons	0.000111475	0	1	0.022038152722391	0.028083754501648	0.072221130560458	1	CTGTTGGCCC	CTGT(T/G)GGCCC	---	http://mitra.stanford.edu/kundaje/projects/alzheimers_parkinsons/snp_fc_signal_tracks/rs1736081.fc.png	http://mitra.stanford.edu/kundaje/projects/alzheimers_parkinsons/snp_pval_signal_tracks/rs1736081.pval.png	---	---	14,15,16,
347	chr8	22599691	22599692	chr8:22499691-22699692	rs755934	T	G	-	125	Chang_23andMe_Parkinsons	0.0510743	0	0	0.043330636503707	0.032393565197032	0.0921778187718	1	GCATTGGCCG	GCA(T/G)TGGCCG	---	http://mitra.stanford.edu/kundaje/projects/alzheimers_parkinsons/snp_fc_signal_tracks/rs755934.fc.png	http://mitra.stanford.edu/kundaje/projects/alzheimers_parkinsons/snp_pval_signal_tracks/rs755934.pval.png	---	---	7,
163	chr11	47409047	47409048	chr11:47309047-47509048	rs11039225	A	G	+	9	Alzheimers_Kunkle_2019	1.32E-07	1	1	0.046655689660552	0.047685782333517	0.999999385887631	0	TGGAAGTCCT	TGGA(A/G)GTCCT	---	http://mitra.stanford.edu/kundaje/projects/alzheimers_parkinsons/snp_fc_signal_tracks/rs11039225.fc.png	http://mitra.stanford.edu/kundaje/projects/alzheimers_parkinsons/snp_pval_signal_tracks/rs11039225.pval.png	---	---	19,
293	chr11	60332877	60332878	chr11:60232877-60432878	rs2868118	T	C	+	11	Alzheimers_Jansen_2018	1.60E-08	0	1	0.020499897391992	0.021156673280852	0.738985006902618	0	CACCCGCATG	CACC(C/T)GCATG	---	http://mitra.stanford.edu/kundaje/projects/alzheimers_parkinsons/snp_fc_signal_tracks/rs2868118.fc.png	http://mitra.stanford.edu/kundaje/projects/alzheimers_parkinsons/snp_pval_signal_tracks/rs2868118.pval.png	---	---	24,
18	chr1	161185601	161185602	chr1:161085601-161285602	rs4575098	A	G	+	12	Alzheimers_Jansen_2018	2.05E-10	1	1	0.039538905247368	0.045172392088408	0.999996596996898	0	AAATGTTAAT	AAAT(G/A)TTAAT	---	http://mitra.stanford.edu/kundaje/projects/alzheimers_parkinsons/snp_fc_signal_tracks/rs4575098.fc.png	http://mitra.stanford.edu/kundaje/projects/alzheimers_parkinsons/snp_pval_signal_tracks/rs4575098.pval.png	---	---	1,4,
157	chr12	40019502	40019503	chr12:39919502-40119503	rs28370664	C	A	-	25	23andme_PD_hg38	1.75E-20	0	0	0.048559571439106	0.049768117347109	0.794632339546722	0	TTTGCCCTTG	TTTG(C/A)CCTTG	---	http://mitra.stanford.edu/kundaje/projects/alzheimers_parkinsons/snp_fc_signal_tracks/rs28370664.fc.png	http://mitra.stanford.edu/kundaje/projects/alzheimers_parkinsons/snp_pval_signal_tracks/rs28370664.pval.png	---	---	19,
120	chr14	74713030	74713031	chr14:74613030-74813031	rs2270425	G	C	-	36	Nalls_23andMe	0.00815496	0	1	0.04743215306766	0.048180271874836	0.999997563850208	0	CCAACAGACC	CCAA(C/G)AGACC	---	http://mitra.stanford.edu/kundaje/projects/alzheimers_parkinsons/snp_fc_signal_tracks/rs2270425.fc.png	http://mitra.stanford.edu/kundaje/projects/alzheimers_parkinsons/snp_pval_signal_tracks/rs2270425.pval.png	---	---	16,
337	chr14	92466140	92466141	chr14:92366140-92566141	rs4904923	G	C	+	39	Alzheimers_Jansen_2018	4.35E-09	0	0	0.016087980624964	0.016518013045446	0.999998772732798	0	GTGAGCTTGG	GTGA(G/C)CTTGG	---	http://mitra.stanford.edu/kundaje/projects/alzheimers_parkinsons/snp_fc_signal_tracks/rs4904923.fc.png	http://mitra.stanford.edu/kundaje/projects/alzheimers_parkinsons/snp_pval_signal_tracks/rs4904923.pval.png	---	---	6,
17	chr17	45965572	45965573	chr17:45865572-46065573	rs112003311	G	A	+	54	23andme_PD_hg38	2.30E-22	1	0	0.023176661494431	0.027944203223152	0.999996596996898	0	CCACGCCTGG	CCAC(G/A)CCTGG	---	http://mitra.stanford.edu/kundaje/projects/alzheimers_parkinsons/snp_fc_signal_tracks/rs112003311.fc.png	http://mitra.stanford.edu/kundaje/projects/alzheimers_parkinsons/snp_pval_signal_tracks/rs112003311.pval.png	---	---	1,3,
48	chr17	45775254	45775255	chr17:45675254-45875255	rs62055948	T	C	+	54	23andme_PD_hg38	2.66E-22	1	0	0.023883631318446	0.026664835432851	0.467814110616504	0	AGGGCGGATG	AGGG(C/T)GGATG	---	http://mitra.stanford.edu/kundaje/projects/alzheimers_parkinsons/snp_fc_signal_tracks/rs62055948.fc.png	http://mitra.stanford.edu/kundaje/projects/alzheimers_parkinsons/snp_pval_signal_tracks/rs62055948.pval.png	---	---	12,
53	chr17	45896131	45896132	chr17:45796131-45996132	rs4792891	T	G	+	54	23andme_PD_hg38	7.03E-12	1	1	0.031354851619313	0.033029324855757	0.999998119242689	0	TGGGTTCGAT	TGGG(T/G)TCGAT	---	http://mitra.stanford.edu/kundaje/projects/alzheimers_parkinsons/snp_fc_signal_tracks/rs4792891.fc.png	http://mitra.stanford.edu/kundaje/projects/alzheimers_parkinsons/snp_pval_signal_tracks/rs4792891.pval.png	---	---	12,
61	chr17	45895754	45895755	chr17:45795754-45995755	rs111972148	G	C	+	54	23andme_PD_hg38	3.94E-22	1	0	0.024934626559269	0.022791394709367	0.999997309727411	0	CCCACCCCCC	CCCA(C/G)CCCCC	---	http://mitra.stanford.edu/kundaje/projects/alzheimers_parkinsons/snp_fc_signal_tracks/rs111972148.fc.png	http://mitra.stanford.edu/kundaje/projects/alzheimers_parkinsons/snp_pval_signal_tracks/rs111972148.pval.png	---	---	13,19,20,21,22,
62	chr17	45992473	45992474	chr17:45892473-46092474	rs17651887	G	A	+	54	23andme_PD_hg38	2.19E-22	1	0	0.023347597876137	0.025368378375314	0.999997309727411	0	TGAGAGTCTT	TGAG(A/G)GTCTT	---	http://mitra.stanford.edu/kundaje/projects/alzheimers_parkinsons/snp_fc_signal_tracks/rs17651887.fc.png	http://mitra.stanford.edu/kundaje/projects/alzheimers_parkinsons/snp_pval_signal_tracks/rs17651887.pval.png	---	---	13,14,17,
122	chr17	45848689	45848690	chr17:45748689-45948690	rs62054818	C	A	-	54	23andme_PD_hg38	1.85E-22	1	1	0.014894246028707	0.015513968076463	0.999997563850208	0	TTACCGGTGC	TTAC(C/A)GGTGC	---	http://mitra.stanford.edu/kundaje/projects/alzheimers_parkinsons/snp_fc_signal_tracks/rs62054818.fc.png	http://mitra.stanford.edu/kundaje/projects/alzheimers_parkinsons/snp_pval_signal_tracks/rs62054818.pval.png	---	---	16,20,21,22,
158	chr17	45852871	45852872	chr17:45752871-45952872	rs79589869	C	A	+	54	23andme_PD_hg38	1.11E-22	1	0	0.047674671765032	0.048859879715085	0.927445717530642	0	TACTGTGCTGCCACCTACTGGC	T(A/C)CTGTGCTGCCACCTACTGGC	---	http://mitra.stanford.edu/kundaje/projects/alzheimers_parkinsons/snp_fc_signal_tracks/rs79589869.fc.png	http://mitra.stanford.edu/kundaje/projects/alzheimers_parkinsons/snp_pval_signal_tracks/rs79589869.pval.png	---	---	19,
179	chr17	46003041	46003042	chr17:45903041-46103042	17_46003042	G	C	+	54	23andme_PD_hg38	2.18E-22	1	1	0.037890980319038	0.038912248945455	0.23524212685393	0	CTCGCAAATT	CTC(G/C)CAAATT	---	http://mitra.stanford.edu/kundaje/projects/alzheimers_parkinsons/snp_fc_signal_tracks/17_46003042.fc.png	http://mitra.stanford.edu/kundaje/projects/alzheimers_parkinsons/snp_pval_signal_tracks/17_46003042.pval.png	---	---	2,21,
202	chr17	45935822	45935823	chr17:45835822-46035823	rs62061720	T	C	-	54	23andme_PD_hg38	4.04E-22	1	0	0.040891964385871	0.046398728741877	0.493716303575529	0	CACTTTCTCC	CAC(T/C)TTCTCC	---	http://mitra.stanford.edu/kundaje/projects/alzheimers_parkinsons/snp_fc_signal_tracks/rs62061720.fc.png	http://mitra.stanford.edu/kundaje/projects/alzheimers_parkinsons/snp_pval_signal_tracks/rs62061720.pval.png	---	---	20,
210	chr17	45882956	45882957	chr17:45782956-45982957	rs56365901	G	A	-	54	23andme_PD_hg38	4.42E-22	1	0	0.017452171831378	0.019061572073998	0.999999498755446	0	TGGGAGTCTG	TGGG(A/G)GTCTG	---	http://mitra.stanford.edu/kundaje/projects/alzheimers_parkinsons/snp_fc_signal_tracks/rs56365901.fc.png	http://mitra.stanford.edu/kundaje/projects/alzheimers_parkinsons/snp_pval_signal_tracks/rs56365901.pval.png	---	---	20,21,22,
234	chr17	45977229	45977230	chr17:45877229-46077230	rs17572495	T	G	+	54	23andme_PD_hg38	2.29E-22	1	0	0.042911488652528	0.049706727775528	0.717438557826992	0	GGCTGCCAGG	GGCT(G/T)CCAGG	---	http://mitra.stanford.edu/kundaje/projects/alzheimers_parkinsons/snp_fc_signal_tracks/rs17572495.fc.png	http://mitra.stanford.edu/kundaje/projects/alzheimers_parkinsons/snp_pval_signal_tracks/rs17572495.pval.png	---	---	21,
242	chr17	46059822	46059823	chr17:45959822-46159823	rs55714296	T	A	-	54	23andme_PD_hg38	2.51E-22	1	0	0.031993071921411	0.040494252708359	0.999998238175817	0	ATTCTCCTGC	ATTC(T/A)CCTGC	---	http://mitra.stanford.edu/kundaje/projects/alzheimers_parkinsons/snp_fc_signal_tracks/rs55714296.fc.png	http://mitra.stanford.edu/kundaje/projects/alzheimers_parkinsons/snp_pval_signal_tracks/rs55714296.pval.png	---	---	21,
82	chr17	4908319	4908320	chr17:4808319-5008320	rs7214776	C	T	+	55	Alzheimers_Lambert_2013	4.27E-05	1	1	0.037296595369375	0.048934250294044	0.999999367746882	0	CACCCGAGAG	CACC(C/T)GAGAG	---	http://mitra.stanford.edu/kundaje/projects/alzheimers_parkinsons/snp_fc_signal_tracks/rs7214776.fc.png	http://mitra.stanford.edu/kundaje/projects/alzheimers_parkinsons/snp_pval_signal_tracks/rs7214776.pval.png	---	---	9,14,15,
159	chr17	78432577	78432578	chr17:78332577-78532578	rs72907460	T	C	+	62	Nalls_23andMe	0.0725909	0	1	0.030174816414403	0.031340337900528	0.999999385887631	0	TCGTTGTCCT	TCGT(T/C)GTCCT	---	http://mitra.stanford.edu/kundaje/projects/alzheimers_parkinsons/snp_fc_signal_tracks/rs72907460.fc.png	http://mitra.stanford.edu/kundaje/projects/alzheimers_parkinsons/snp_pval_signal_tracks/rs72907460.pval.png	---	---	19,
162	chr18	33732773	33732774	chr18:33632773-33832774	rs1389068	T	G	+	64	Nalls_23andMe	0.034828875	0	0	0.028071619102209	0.028932072437566	0.999999385887631	0	CACCGGGGCT	CACC(G/T)GGGCT	---	http://mitra.stanford.edu/kundaje/projects/alzheimers_parkinsons/snp_fc_signal_tracks/rs1389068.fc.png	http://mitra.stanford.edu/kundaje/projects/alzheimers_parkinsons/snp_pval_signal_tracks/rs1389068.pval.png	---	---	19,
15	chr19	45001268	45001269	chr19:44901268-45101269	rs117612135	T	C	+	71	Alzheimers_Jansen_2018	1.12E-46	1	1	0.029915166162786	0.03325673841419	0.577722659505319	0	CCCAATCCCT	CCCAA(T/C)CCCT	---	http://mitra.stanford.edu/kundaje/projects/alzheimers_parkinsons/snp_fc_signal_tracks/rs117612135.fc.png	http://mitra.stanford.edu/kundaje/projects/alzheimers_parkinsons/snp_pval_signal_tracks/rs117612135.pval.png	---	---	1,4,7,18,
26	chr19	44915228	44915229	chr19:44815228-45015229	rs12691088	A	G	+	71	Alzheimers_Kunkle_2019	2.69E-238	1	1	0.026063061657597	0.027479362901725	0.999998777684893	0	GGGTAGGGGG	GGGT(A/G)GGGGG	---	http://mitra.stanford.edu/kundaje/projects/alzheimers_parkinsons/snp_fc_signal_tracks/rs12691088.fc.png	http://mitra.stanford.edu/kundaje/projects/alzheimers_parkinsons/snp_pval_signal_tracks/rs12691088.pval.png	---	---	3,4,5,6,9,10,11,12,13,14,15,16,17,20,21,22,23,24,
84	chr19	44912841	44912842	chr19:44812841-45012842	rs72654437	A	G	-	71	Alzheimers_Kunkle_2019	2.28E-09	1	1	0.033183986165136	0.044255992835048	0.999999367746882	0	TGTGAGGTCT	TGTG(A/G)GGTCT	---	http://mitra.stanford.edu/kundaje/projects/alzheimers_parkinsons/snp_fc_signal_tracks/rs72654437.fc.png	http://mitra.stanford.edu/kundaje/projects/alzheimers_parkinsons/snp_pval_signal_tracks/rs72654437.pval.png	---	---	14,
105	chr19	44905909	44905910	chr19:44805909-45005910	rs440446	C	G	-	71	Alzheimers_Jansen_2018	1.81E-142	1	1	0.028328684721663	0.036138303229388	0.999998245783934	0	GGAAGCCCTG	GGAA(G/C)CCCTG	---	http://mitra.stanford.edu/kundaje/projects/alzheimers_parkinsons/snp_fc_signal_tracks/rs440446.fc.png	http://mitra.stanford.edu/kundaje/projects/alzheimers_parkinsons/snp_pval_signal_tracks/rs440446.pval.png	---	---	15,
79	chr2	95297493	95297494	chr2:95197493-95397494	rs2248415	G	C	+	85	Nalls_23andMe	0.00782827	0	1	0.007051316014651	0.011994628938085	0.592262320686618	0	GGGTGGGGGG	GGGT(G/C)GGGGG	---	http://mitra.stanford.edu/kundaje/projects/alzheimers_parkinsons/snp_fc_signal_tracks/rs2248415.fc.png	http://mitra.stanford.edu/kundaje/projects/alzheimers_parkinsons/snp_pval_signal_tracks/rs2248415.pval.png	---	---	2,9,14,15,16,20,21,22,
165	chr2	95330205	95330206	chr2:95230205-95430206	rs3821341	T	C	+	85	Nalls_23andMe	0.0147544	0	1	0.036980400567199	0.037437130726601	0.999999385887631	0	GGGATCTGGG	GGGA(T/C)CTGGG	---	http://mitra.stanford.edu/kundaje/projects/alzheimers_parkinsons/snp_fc_signal_tracks/rs3821341.fc.png	http://mitra.stanford.edu/kundaje/projects/alzheimers_parkinsons/snp_pval_signal_tracks/rs3821341.pval.png	---	---	19,
63	chr3	122416407	122416408	chr3:122316407-122516408	rs55911744	T	G	-	86	Nalls_23andMe	0.000498637	0	1	0.026296779042879	0.027083254794364	0.999997309727411	0	CACCGGACGC	CACC(G/T)GACGC	---	http://mitra.stanford.edu/kundaje/projects/alzheimers_parkinsons/snp_fc_signal_tracks/rs55911744.fc.png	http://mitra.stanford.edu/kundaje/projects/alzheimers_parkinsons/snp_pval_signal_tracks/rs55911744.pval.png	---	---	9,13,15,16,19,23,24,
292	chr3	151399027	151399028	chr3:151299027-151499028	rs4680406	G	A	+	87	Nalls_23andMe	2.14E-05	0	1	0.03117152689416	0.03159335149618	0.7248141063964	0	GGAAGTGAAACCACA	GGAAGTGAAACC(A/G)CA	---	http://mitra.stanford.edu/kundaje/projects/alzheimers_parkinsons/snp_fc_signal_tracks/rs4680406.fc.png	http://mitra.stanford.edu/kundaje/projects/alzheimers_parkinsons/snp_pval_signal_tracks/rs4680406.pval.png	---	---	24,
16	chr3	52237762	52237763	chr3:52137762-52337763	rs146527642	G	C	-	93	Chang_23andMe_Parkinsons	0.000936983	0	1	0.02607319185481	0.028678685422129	0.999996596996898	0	CCCACGCCCC	CCCA(C/G)GCCCC	---	http://mitra.stanford.edu/kundaje/projects/alzheimers_parkinsons/snp_fc_signal_tracks/rs146527642.fc.png	http://mitra.stanford.edu/kundaje/projects/alzheimers_parkinsons/snp_pval_signal_tracks/rs146527642.pval.png	---	---	1,
38	chr3	52307781	52307782	chr3:52207781-52407782	rs149776414	G	A	-	93	Chang_23andMe_Parkinsons	0.00100246	0	0	0.03105962407693	0.03250814584073	0.999996131466085	0	GCCCGCCAGG	GCCC(G/A)CCAGG	---	http://mitra.stanford.edu/kundaje/projects/alzheimers_parkinsons/snp_fc_signal_tracks/rs149776414.fc.png	http://mitra.stanford.edu/kundaje/projects/alzheimers_parkinsons/snp_pval_signal_tracks/rs149776414.pval.png	---	---	11,12,20,21,23,
129	chr3	52190572	52190573	chr3:52090572-52290573	rs181190702	C	A	-	93	Chang_23andMe_Parkinsons	0.00132929	0	1	0.045065472062122	0.047698164948526	0.999997746612144	0	GACCAAAGAC	GACC(A/C)AAGAC	---	http://mitra.stanford.edu/kundaje/projects/alzheimers_parkinsons/snp_fc_signal_tracks/rs181190702.fc.png	http://mitra.stanford.edu/kundaje/projects/alzheimers_parkinsons/snp_pval_signal_tracks/rs181190702.pval.png	---	---	17,
253	chr4	959909	959910	chr4:859909-1059910	rs4690326	C	A	-	102	23andme_PD_hg38	3.53E-10	1	1	0.024375431698699	0.027923389280319	0.223639270961033	0	TCCCCCAGCA	TCCCC(C/A)AGCA	---	http://mitra.stanford.edu/kundaje/projects/alzheimers_parkinsons/snp_fc_signal_tracks/rs4690326.fc.png	http://mitra.stanford.edu/kundaje/projects/alzheimers_parkinsons/snp_pval_signal_tracks/rs4690326.pval.png	---	---	22,
181	chr4	89738183	89738184	chr4:89638183-89838184	rs78504001	T	A	+	103	23andme_PD_hg38	1.58E-12	0	0	0.026843355054155	0.027983813486612	0.509142475870066	0	AGGGAAATCT	AGGGA(A/T)ATCT	---	http://mitra.stanford.edu/kundaje/projects/alzheimers_parkinsons/snp_fc_signal_tracks/rs78504001.fc.png	http://mitra.stanford.edu/kundaje/projects/alzheimers_parkinsons/snp_pval_signal_tracks/rs78504001.pval.png	---	---	2,
183	chr5	103224361	103224362	chr5:103124361-103324362	rs152137	T	C	-	104	Nalls_23andMe	0.007427725	0	1	0.002083939481394	0.002089213790055	0.602364651440829	0	TGGATCCCAC	TGGA(T/C)CCCAC	---	http://mitra.stanford.edu/kundaje/projects/alzheimers_parkinsons/snp_fc_signal_tracks/rs152137.fc.png	http://mitra.stanford.edu/kundaje/projects/alzheimers_parkinsons/snp_pval_signal_tracks/rs152137.pval.png	---	---	2,
184	chr5	102971887	102971888	chr5:102871887-103071888	rs6881225	T	C	+	104	Nalls_23andMe	0.001127532	0	1	0.032856750709688	0.036004086395608	0.964305968884771	0	CAGCCATCTAGTGGT	(C/T)AGCCATCTAGTGGT	---	http://mitra.stanford.edu/kundaje/projects/alzheimers_parkinsons/snp_fc_signal_tracks/rs6881225.fc.png	http://mitra.stanford.edu/kundaje/projects/alzheimers_parkinsons/snp_pval_signal_tracks/rs6881225.pval.png	---	---	2,
318	chr5	134594466	134594467	chr5:134494466-134694467	rs113661575	G	C	+	106	Nalls_23andMe	0.0340456	0	1	0.014208833034002	0.014592440642284	0.616540090067804	0	CCTCGCAAAG	CCTC(G/C)CAAAG	---	http://mitra.stanford.edu/kundaje/projects/alzheimers_parkinsons/snp_fc_signal_tracks/rs113661575.fc.png	http://mitra.stanford.edu/kundaje/projects/alzheimers_parkinsons/snp_pval_signal_tracks/rs113661575.pval.png	---	---	4,
19	chr8	22604860	22604861	chr8:22504860-22704861	rs3735901	T	C	-	125	Chang_23andMe_Parkinsons	0.0508112	0	1	0.032624599774171	0.022912577239959	0.999996596996898	0	CCCCTGCCGC	CCCC(T/C)GCCGC	---	http://mitra.stanford.edu/kundaje/projects/alzheimers_parkinsons/snp_fc_signal_tracks/rs3735901.fc.png	http://mitra.stanford.edu/kundaje/projects/alzheimers_parkinsons/snp_pval_signal_tracks/rs3735901.pval.png	---	---	1,2,3,4,5,6,7,8,10,11,12,13,14,15,16,17,18,19,20,21,22,23,24,
359	chr8	27608639	27608640	chr8:27508639-27708640	rs1532276	T	C	-	126	Alzheimers_Jansen_2018	4.00E-19	1	1	0.039811814577617	0.042315819836659	0.999998299533994	0	CCCATCCAGA	CCCA(T/C)CCAGA	---	http://mitra.stanford.edu/kundaje/projects/alzheimers_parkinsons/snp_fc_signal_tracks/rs1532276.fc.png	http://mitra.stanford.edu/kundaje/projects/alzheimers_parkinsons/snp_pval_signal_tracks/rs1532276.pval.png	---	---	8,
